x1,x2,x3,x4,x5,categoria
-6.7391,-3.2408,3.5545,2.3307,9.0987,A
-1.7720,8.7928,8.5350,4.3114,-9.6108,A
5.9480,8.0151,0.4773,-6.0567,-6.3841,B
6.9079,-8.2552,0.9241,-5.9315,-3.9744,B
9.5431,-4.4675,3.6702,5.3477,-4.2354,A
-7.0688,5.4432,-0.9276,-4.2424,-5.7675,A
9.6724,2.9261,0.4613,-7.7161,8.2489,B
-3.3443,5.8148,8.1067,-5.8831,9.5590,B
7.8840,1.3225,4.4863,-4.4521,4.4741,B
-1.3773,-3.4902,3.9374,-2.3374,4.0903,B
7.0306,-4.5836,-5.8700,-3.5927,-1.5250,B
4.5685,-1.2503,3.8693,9.9077,-5.3257,A
5.1685,-0.4643,-1.6367,2.0332,-7.6368,A
-3.6927,-4.5210,2.2086,-5.5002,-9.0522,A
-9.1871,5.4908,3.6764,6.9912,3.5437,A
-8.9550,4.0226,0.9399,9.2359,-5.4043,A
-8.4438,6.6578,-1.5462,-0.6006,4.3391,A
-6.3418,-0.9795,6.0465,1.8817,8.0634,A
7.3076,-4.5301,5.9152,2.7229,-7.5782,A
-4.7275,5.0755,6.9190,-6.8975,4.0819,B
-3.4821,-6.3297,-8.0286,-8.0254,-0.7408,A
-7.6778,2.1200,6.5017,-1.5498,2.3934,A
6.7264,6.4816,-3.7293,1.3147,-0.4987,B
-7.6028,-6.0046,-8.3132,-5.5550,9.1577,B
8.1386,6.4673,6.9297,8.3892,-6.2368,A
1.6106,-2.4693,-6.1493,-7.2636,7.3695,B
2.7666,4.1640,7.8206,-6.2277,9.8597,B
-0.1741,-3.1196,8.7481,-4.7878,7.1871,B
-6.7580,2.0099,2.4075,-3.3500,2.2207,B
8.8026,-2.5319,-7.6150,-0.8438,-7.9522,A
3.1641,4.7915,-9.2919,6.6168,3.7114,A
-1.0812,-9.8842,-6.4264,-0.8948,6.2515,A
-9.0875,3.9405,-9.6554,0.6372,-4.3125,A
5.5888,-6.9091,7.0007,5.1532,9.5159,B
0.9358,-5.5903,4.8559,0.7164,-9.5656,A
-6.3823,-5.2062,3.8260,7.8635,-6.6612,A
-0.9745,2.6229,6.8001,7.5264,-0.6319,A
-6.5480,-6.0898,2.8233,0.0720,-8.7742,A
9.0492,3.2013,6.2407,-2.5180,-0.3707,B
-3.0864,-6.1594,8.3352,7.3805,1.2504,A
-3.1706,-4.1639,-7.3806,4.0545,-9.1063,A
2.1034,5.0351,-9.8901,2.5074,2.5831,B
-8.2545,4.4895,-5.8126,-1.0956,-4.6675,A
-7.8487,5.7481,3.4698,5.8985,-0.9920,A
-4.4771,3.7910,-2.8408,3.7388,-7.2956,A
-3.0082,6.8595,-4.7633,-5.9202,-2.2678,B
-2.0780,-7.4425,-0.7598,-4.9360,9.8239,B
-1.1714,-4.8478,-8.9840,6.1858,-1.0807,A
-5.3272,-5.3950,4.3832,1.3099,-1.4357,A
-7.4699,-8.0855,-2.6694,-7.9526,-9.8558,A
5.8633,-6.6196,5.6482,-3.6788,-0.5339,B
5.9507,2.0636,-0.7391,-4.3663,-8.8482,B
4.7655,6.3973,-4.5429,-4.2811,6.4917,B
-9.7216,-9.2033,6.8493,-2.3964,-2.5241,A
-3.2745,-4.3774,3.6693,-7.6004,7.4541,B
9.8728,6.0746,-5.6560,5.0949,6.8831,B
-7.7136,2.2414,-7.2618,3.0164,-6.5894,A
-7.8185,-2.7996,-3.5835,2.0125,0.4854,A
6.0519,-3.6747,-8.6248,4.3940,-3.8571,A
-0.7152,-7.2986,-7.2360,-1.7564,7.2021,B
-8.2723,-0.4062,-7.6715,-3.6239,6.9426,A
6.9572,-4.8608,7.6915,1.7708,1.0053,B
9.4580,2.5741,-1.6853,-0.4336,9.5448,B
-0.9206,-5.0296,-0.2379,-5.7157,0.7350,B
7.1852,-8.9829,-6.1679,4.8949,-6.3321,A
-5.8884,1.7866,-0.1058,-9.3710,-7.4973,A
5.4213,-1.1284,-4.6483,-4.7035,3.5685,B
3.4870,4.1383,3.0168,-0.4230,-1.8575,B
-4.5899,-5.5449,8.1527,-9.2611,3.6707,B
-5.4723,-0.7885,8.9077,9.1726,-5.0457,A
-9.0560,9.4197,3.3837,6.6030,6.5962,A
-1.0407,2.0736,-5.5665,-5.1428,0.4491,B
7.4657,-2.1101,-3.8097,-0.3817,-7.6988,A
0.5533,4.2542,-0.5121,5.8258,-5.9233,A
4.7610,6.4890,4.4379,5.0862,6.6915,B
-9.0481,-0.7120,1.5538,-2.6261,-1.2270,A
8.7651,-9.4219,9.8557,7.6441,-6.8382,A
-0.6880,6.4514,-3.1865,1.2958,-2.2926,A
8.4326,-2.0217,-1.0084,-1.3475,0.5851,B
8.5464,1.8999,-9.6308,1.5405,-8.9673,A
-5.3027,8.7978,-9.8067,9.6685,-7.3278,A
-4.5171,-2.6436,6.4955,8.2514,5.4346,A
-4.5239,7.2610,-1.1002,-8.6781,-0.0468,B
-9.0597,-1.7400,0.9113,-6.5357,-8.8899,A
8.1219,3.2698,-1.6076,5.1058,-3.1949,A
5.2743,1.7898,-4.0393,5.0590,-1.9438,A
2.6394,1.7556,0.5204,5.6214,-7.2229,A
-9.1723,-8.9989,-0.7058,-6.9169,4.6359,A
-2.8602,-1.2778,-7.1798,-1.0047,7.1895,B
2.2186,-9.3751,1.7996,5.6946,1.9413,A
-2.8179,4.3357,9.6464,-0.6379,-8.8064,A
6.2840,2.9871,3.1068,-3.9669,0.4161,B
2.5512,8.0417,-3.9157,-7.0340,-8.1700,B
-9.0885,-6.0002,-1.6242,-5.1553,6.3799,A
-6.1920,-3.1284,7.6808,6.2181,-3.1602,A
4.3005,-5.3119,9.0279,9.3747,-1.0961,A
-9.7544,8.0777,-9.7397,-7.2014,7.2454,B
8.2105,7.1517,-4.8204,9.3364,4.1856,B
-4.3346,-7.5378,-6.4331,-8.7500,7.0863,B
6.1799,7.6065,9.7721,3.2413,-9.3366,B
-5.3297,-7.0052,1.6726,-0.4507,8.6488,A
-2.1538,-8.7911,-9.5234,6.2122,2.7045,A
-6.1846,8.1292,1.1777,2.1585,8.4124,B
-8.9882,6.8850,9.5601,-4.4583,0.8220,B
-1.5282,-8.6294,0.0870,7.9114,-6.8623,A
-5.7145,0.9348,-9.1078,-5.0805,-0.9472,A
5.3462,-4.3820,-6.7582,-8.5172,7.0192,B
5.4055,-5.4777,-1.9701,-1.5232,5.6052,B
-2.8154,-5.6554,8.5057,0.3265,-0.0176,A
5.1024,-0.8672,4.0769,-6.3536,-3.7893,B
-0.5164,2.6889,3.7661,-8.3692,-7.7601,B
8.5429,6.7278,-7.5853,-4.2656,-6.2193,B
1.9756,-4.3739,1.1997,-8.2778,-9.4402,B
-5.7459,-0.3396,3.3078,5.6727,-3.2061,A
-1.8401,2.2608,8.9527,-9.9047,-3.4359,B
4.5210,8.1904,7.5625,-2.5697,-9.3793,B
-9.9743,-6.8852,-9.4768,-9.6957,-6.5221,A
-1.5919,1.0092,7.6751,-0.5201,3.7366,B
6.0247,-3.5365,4.4291,3.8439,-8.0666,A
6.1955,-2.3518,-5.6272,-6.8686,8.6960,B
-4.3712,5.5122,6.4777,8.7014,2.1582,A
-6.3886,-8.0150,-8.5815,4.4773,5.9820,A
5.7522,-7.4825,-1.4713,-9.3241,-3.5502,B
-1.5512,-3.2017,7.3019,9.8036,-1.8620,A
-3.0549,7.2467,-9.3584,5.8302,-8.1984,A
-5.5104,7.4635,-6.4396,-1.1922,-2.3092,A
-6.3017,-1.2244,2.7857,3.5926,-9.8708,A
-3.6121,4.8488,-4.0012,5.5754,-3.2759,A
4.5926,-5.9623,9.3252,0.0643,7.7599,B
-6.8325,5.2370,-1.9112,-2.5222,4.7430,B
0.9206,8.6134,-8.4424,-9.7747,-6.3320,B
4.2930,-0.9689,4.3326,9.0828,-0.1219,A
4.1783,-7.5291,6.1790,-5.9423,9.1242,B
7.9545,5.3100,-5.2793,7.8117,3.9140,B
2.2491,-7.6077,5.0805,6.8965,1.7660,A
-5.1937,-7.6997,4.5730,-8.1361,4.0909,B
3.4867,-9.9335,0.1187,0.5671,-0.0979,A
-5.9639,-7.3856,2.9324,4.0121,-1.5805,A
-9.2604,7.1815,-5.9307,-6.1177,-0.4057,B
8.8233,-4.6913,-3.6618,-0.9744,3.6569,B
7.1887,-7.9064,4.0997,9.3910,4.6873,A
-3.8100,-7.4847,-6.9190,-5.8460,-3.3655,A
8.5213,-9.2954,5.0053,-5.9128,-3.8235,B
-3.2831,-7.6841,0.8838,8.3866,8.3502,A
1.6957,4.4394,2.0636,-3.0836,-5.5814,B
9.0437,-8.5611,-2.9049,-9.2762,-3.4066,B
1.8696,-9.7121,-9.4226,-6.3000,9.7470,B
-8.0568,-6.8831,8.4437,7.4020,0.3701,A
-3.1136,-2.1269,-8.3253,-1.0547,-4.5791,A
-8.4262,-7.2082,5.9914,7.4406,-2.6911,A
5.3482,7.4706,6.7729,-8.7011,-4.5117,B
4.1763,-3.1467,1.2043,8.1472,-9.9260,A
9.1058,0.4449,9.1878,1.1594,1.0354,B
5.1289,4.5033,-5.8575,5.8229,-3.2824,A
4.9329,-6.2944,4.1660,0.1496,-6.3309,A
1.0957,-7.9560,-2.2378,3.2085,-5.1261,A
7.9189,4.7274,-8.7430,-0.2080,5.5937,B
-8.1212,-5.6056,-3.5942,-2.7867,-9.6552,A
-2.0820,0.1849,-3.4713,-4.8288,-7.1200,A
5.4992,4.8066,7.1161,-5.4883,1.1119,B
3.2367,-0.5838,1.4016,-1.8566,-8.3536,A
7.1620,3.1883,-4.2023,-7.9205,4.9099,B
-1.9109,-3.8058,1.5940,-1.5741,2.2312,A
9.5536,-6.5076,9.4601,3.5346,-4.1820,A
8.2079,3.7654,-8.0497,9.5188,7.7911,B
6.5228,6.4631,-2.7232,-7.3006,3.6986,B
3.3043,-5.9741,0.0866,0.1374,5.2193,B
-0.7497,5.5658,-0.5715,5.3796,-9.7116,A
9.4713,-6.7288,-7.5309,3.5913,-0.0906,A
-2.3386,1.8787,-9.5009,-1.6624,9.8649,B
4.2930,-1.0138,0.1465,9.8960,7.5031,A
-2.3405,3.9967,2.7134,-7.3165,8.3082,B
-6.4365,-4.6870,-5.3454,4.4950,-8.9312,A
-9.0313,-4.0863,1.4205,-2.1512,-9.4507,A
-7.9044,-7.5414,-8.9678,-4.0978,-9.2790,A
-8.4314,-1.6906,1.4212,9.2326,1.9538,A
3.8438,5.9401,-7.3902,-1.2797,-3.5455,B
-4.8580,-8.1083,2.2529,-0.9790,-2.3741,A
9.0503,0.1216,-0.8156,8.1749,8.8305,B
-6.2317,-5.2260,-0.9317,-2.7065,-9.4925,A
6.7425,4.3323,-0.1184,1.7933,-5.9296,B
1.3150,-4.8513,8.4436,-5.6558,-3.1256,B
4.2852,-4.9536,7.4465,-4.4260,6.6255,B
8.9438,-6.3987,-0.3586,-7.1797,-7.4894,B
-8.7297,4.6782,-4.4904,-2.3182,-1.6208,A
0.8571,-2.3667,7.1106,2.8974,-6.6703,A
-5.8435,-1.9984,-0.4874,-0.8186,6.0186,A
-2.2895,5.9422,-8.7002,-8.5589,7.4699,B
-1.2321,-8.8543,-7.6227,-6.6108,1.4073,A
1.4884,-2.3187,-7.6911,-9.6531,8.1455,B
-1.2405,1.5830,3.9002,-1.4513,-3.6675,A
1.0011,6.2878,9.0484,-3.1418,0.0385,B
0.7507,3.7597,5.6846,-4.1744,4.9728,B
-1.6600,-6.8826,-1.2308,4.9345,0.6459,A
-0.6475,-9.5386,6.7099,0.2376,-3.8060,A
6.3927,-2.4293,5.9458,-9.4844,7.8809,B
-2.9902,4.2470,-4.8700,-4.7660,-3.2465,B
-5.7119,-9.3201,-2.4575,-9.7050,-7.6193,A
4.3345,2.9063,-3.1804,-8.4448,6.9192,B
3.3593,-9.7005,-5.9142,4.5363,-5.9315,A
-5.0096,-7.7973,-2.0480,3.5364,6.1474,A
2.7620,-7.1175,7.2740,-5.3465,9.5520,B
6.9600,-9.0447,3.6439,-9.7938,-4.0964,B
2.0698,6.4633,-3.1256,5.1136,-4.1522,A
8.0261,-6.3419,-6.1364,-7.2331,4.9174,B
9.8561,-1.6104,3.2887,6.7558,9.7389,B
-6.4166,6.6641,-9.1874,0.0708,5.5662,A
4.3988,-5.2496,1.8068,-7.9922,-7.2237,B
-3.6290,-9.9235,9.0902,6.3528,-3.7580,A
8.0397,0.8272,-8.4848,-2.0738,-2.6730,B
3.3706,7.8478,1.5500,1.3402,-8.0927,A
-9.6934,-3.5433,-9.5997,-2.4280,-4.1342,A
-0.6946,-6.5457,-3.2506,-9.0851,-9.3524,A
3.9466,-4.6075,-6.5262,-3.2250,8.1525,B
-6.0797,-2.0107,-3.9809,-6.2504,6.1995,B
-4.7393,-2.5448,5.7535,4.5266,-7.4495,A
4.6266,9.9412,-4.8328,-7.8466,-6.9958,B
-6.1770,7.3058,1.3950,-8.6813,-8.8227,B
5.3759,8.3846,4.8796,-6.9989,2.6613,B
7.2557,7.7347,4.3484,1.2086,-9.0085,B
9.2100,9.0188,1.0229,-2.4606,-2.3480,B
-4.6829,4.2355,-2.5262,-7.3554,-3.1249,B
2.5244,5.7396,-1.8481,-0.7947,1.8131,B
-5.0572,2.1497,-4.9242,3.1892,6.2364,A
-3.2491,8.2860,9.6329,2.3337,-8.7151,A
-0.9698,-1.7960,0.4442,-5.9136,7.5431,B
-7.4245,0.7781,6.1734,-5.6696,-4.1209,A
3.7131,-1.4536,2.8371,-3.1274,8.5937,B
8.7515,-5.7595,1.7730,3.6178,-7.9376,A
-2.0095,8.5290,3.0557,1.2676,6.4099,B
-3.5788,5.0903,-5.2174,-0.6417,8.6667,B
-5.7831,5.3724,-4.9064,3.8724,-0.8703,A
-3.5055,-7.9832,2.6914,-1.0577,-9.9913,A
-7.6545,-4.4883,-1.2543,-7.4167,-1.5725,A
-2.3704,5.8326,6.2204,-0.4835,0.4716,B
-6.8441,-5.9786,1.9088,2.7918,-0.9533,A
-7.2662,-1.4195,4.9548,5.1309,-5.1328,A
-0.1455,-6.4417,-7.4372,-2.2986,4.4786,A
1.8237,-3.8627,7.6408,8.2135,0.8122,A
1.7775,0.0010,1.0119,-1.8180,-5.6523,A
4.9461,0.3107,9.8631,0.0404,-8.4656,A
0.0245,6.7281,9.3784,-2.0148,5.2283,B
9.2167,8.0070,7.7410,4.0026,5.9823,B
1.7063,2.5671,2.0512,6.2075,8.1549,B
-5.9717,9.3920,8.1216,-5.5970,2.6149,B
-4.5231,-9.1779,7.4988,-1.6744,2.7923,A
1.8426,6.7783,-9.3512,-7.0069,-7.0167,B
0.0581,0.7033,0.5352,5.3882,6.9279,A
0.9861,6.9628,7.3875,-9.2900,3.7676,B
5.4617,7.0482,-4.5667,2.3291,0.5119,B
0.6565,9.8407,5.4426,9.3308,-2.7110,A
-6.6992,-4.1913,8.3344,5.8297,6.8750,A
-6.3630,-0.7644,3.6324,8.2436,-7.0693,A
-9.1378,2.1678,3.1603,-3.9877,-3.9508,A
-8.3074,6.9724,2.2625,8.6311,3.5069,A
-4.8958,-7.0459,2.1860,4.6760,-2.4192,A
4.0885,2.7857,-9.5412,9.8929,9.4429,A
-1.9051,-3.8049,2.2674,-9.5052,-0.1788,B
0.9718,6.9594,6.2848,1.8193,-7.1241,A
-4.2075,-3.2893,-8.1610,-3.1424,-7.2199,A
-3.4227,-7.3611,-0.8662,3.4962,4.1741,A
8.6298,5.5024,-5.5931,2.6578,6.9225,B
-2.9554,0.5725,-8.4125,2.3141,-6.9571,A
6.5721,0.8186,-3.6446,-2.6427,-8.4648,B
-9.1839,-7.1886,-7.7137,7.6969,0.4526,A
-3.7982,-4.2735,-9.1155,2.1296,5.4035,A
9.8025,0.2461,-8.4152,-2.1448,9.6183,B
-5.1963,-6.2305,7.7978,7.7750,-2.8171,A
9.2086,4.2107,2.1928,3.3254,-8.7577,A
8.4850,-3.7550,-1.2521,0.6544,-4.7684,A
-6.6716,6.8359,4.9638,8.4168,-4.5105,A
9.3181,5.3942,5.3088,4.4910,-8.2337,B
6.8729,-5.6778,-1.2389,1.1536,9.1964,B
-9.9745,-8.0255,0.3925,-5.1195,6.9999,A
5.0373,3.0765,8.9777,7.1151,2.5640,B
-8.0351,-7.2278,1.6306,-8.9607,8.8550,B
6.9609,-4.0761,7.8704,2.3966,0.6040,B
1.8548,9.5600,0.2404,-9.6175,-0.6069,B
-6.8004,7.3767,7.2622,-9.7446,3.2014,B
-4.4830,9.1759,-6.3668,-6.5976,6.0357,B
9.4308,-2.5913,5.7998,-8.3453,-0.2112,B
5.2919,2.6590,2.5531,7.0330,-8.9512,A
-7.9470,4.4567,-3.2314,-9.5611,-3.5890,B
1.5974,5.0064,-3.8169,-5.2694,8.1131,B
-8.6044,6.6321,-9.2297,9.1002,9.3008,A
3.8192,9.4572,-7.0928,-0.2970,7.6802,B
8.2251,-8.7250,8.0150,6.4543,2.2446,A
-2.0522,5.8135,-5.6427,5.7099,-8.0835,A
-9.0389,3.7605,5.7344,9.3167,-3.9974,A
7.9033,-9.1099,3.8826,5.4935,-2.3012,A
-1.7463,0.6874,-8.5521,7.6783,-7.1434,A
5.3799,6.7992,2.3176,9.8961,3.1609,A
8.3213,5.1496,7.0625,-1.6066,2.6967,B
-2.5960,4.0708,-9.1327,-4.4995,8.8284,B
5.3541,-1.8040,-7.4134,0.7217,8.7018,B
2.9869,-8.0270,-1.6967,-3.9752,-7.0573,A
8.6235,5.4037,6.9463,0.2190,-3.3168,B
4.7515,8.4155,4.3891,-2.7000,-2.1213,B
5.2708,8.8748,9.5947,-2.8749,0.0115,B
-8.7717,-4.7940,8.1577,-7.9664,-0.7105,A
-7.5016,1.2102,4.5665,-4.2638,7.9564,B
-0.2200,4.2225,-3.7239,1.1117,-1.7095,A
0.3291,-3.0878,6.4198,0.7679,-7.7138,A
-5.5708,9.6934,-9.6356,4.5890,-5.8597,A
1.2995,0.6171,-3.5522,-8.1846,4.5783,B
2.6353,-8.6725,4.9169,6.3280,7.2597,A
0.4642,2.8258,5.3144,9.8543,-1.7932,A
9.8764,-5.4788,0.1034,-2.9154,-1.1722,B
-2.1641,-7.7343,4.5457,3.7595,-8.2395,A
-3.0066,9.7713,9.5304,9.8934,0.3264,A
-0.9272,7.6612,3.8750,-0.9588,-2.4051,B
6.7704,-4.9606,7.6731,9.0087,-8.6505,A
-2.2894,9.4558,7.2679,8.1376,7.5337,B
-5.4835,-7.7140,4.7727,8.9980,-3.7402,A
-7.9855,-2.1800,-2.1758,9.4396,-3.6388,A
-4.5366,-7.3865,-8.3199,6.4988,-5.4992,A
-4.9843,-9.7234,4.8235,-9.1222,-1.2325,A
3.3308,-2.2893,-0.4355,-1.8652,8.9461,B
4.8498,1.3167,6.0582,-1.7433,-9.9977,A
6.5640,-9.2791,-9.9991,2.1274,9.9994,B
8.0514,3.6583,-6.8970,9.7357,7.6177,B
5.1654,5.4726,-0.0046,6.4527,-0.1450,A
-9.0610,-6.5416,0.7286,2.9468,-2.2992,A
-3.9470,5.6088,6.2771,0.7266,-5.2703,A
2.2467,6.7150,6.0741,2.7812,6.6952,B
-5.3888,4.7334,-8.5617,6.9057,-4.0901,A
-7.6664,6.0075,2.6476,-7.9986,8.0315,B
7.4496,1.6072,-0.4477,-6.9646,-7.1917,B
0.5657,-6.6016,-2.5749,7.9185,-6.8548,A
-8.4361,-8.6409,-6.8336,3.4007,2.0868,A
4.6847,1.7206,3.7176,-1.8433,3.8473,B
-8.8861,-3.3251,-9.5401,7.6824,-2.7539,A
0.7926,-4.7198,0.7159,6.5830,9.8162,A
-4.0567,8.9820,2.6830,2.2852,7.7318,B
5.6274,1.7470,2.0704,-0.2210,5.5234,B
9.0267,4.9264,-3.9095,-8.4162,5.2831,B
0.3429,1.4235,4.8737,9.3959,-3.3046,A
5.0242,-0.8427,9.5548,-1.1677,8.1374,B
0.4109,2.5203,4.9687,4.3525,3.6162,B
4.4708,-0.6982,-4.8934,-4.1990,7.5734,B
3.2994,-1.3810,8.0119,-5.2658,1.8425,B
-7.3564,3.8501,3.2229,8.9069,0.6040,A
1.5343,-6.6150,-5.0814,7.4788,3.9104,A
2.8371,-9.7963,-4.8329,2.3189,-9.3993,A
-2.3482,9.1409,-4.4490,6.6202,-4.7978,A
2.0229,8.2578,6.4563,-4.8230,-9.2219,B
-9.2128,2.7739,-7.7805,-2.6085,9.0808,B
0.2182,-3.3157,2.0608,-7.5763,-0.5025,B
-2.7306,5.3641,-8.2763,-1.8498,6.0015,B
-1.1257,5.7770,-6.6567,4.6619,0.2989,A
8.6759,0.3928,2.8815,6.7564,-0.3699,A
6.5914,1.3580,-1.1565,2.9120,-1.4074,B
1.9711,2.5788,-6.5625,-3.3542,-4.8576,B
-9.0071,-2.3500,2.6889,-3.6910,1.7475,A
7.4060,1.9692,-5.1872,-6.1778,-3.4179,B
2.9023,-7.9647,-9.8107,6.1590,1.0442,A
-3.5995,-0.5158,9.4049,-8.4646,-4.0143,B
3.2373,-7.9569,-7.5739,-8.7915,-0.9035,B
-4.5764,5.5983,8.3771,-8.5960,1.1121,B
-1.4535,8.1637,-0.4289,5.9724,-7.1503,A
-9.0000,-7.0910,-4.0431,3.8894,6.5290,A
-1.7658,6.1654,4.9883,3.3232,7.8436,B
1.0431,5.3251,5.7097,8.9475,8.2411,B
-5.8134,0.3328,2.5895,7.9067,-1.9312,A
1.0384,6.1557,-3.5274,-8.0211,-6.7955,B
8.8761,-9.5752,9.3007,-1.7487,-6.8832,B
6.4686,0.9204,-0.8928,1.6669,8.6708,B
4.6341,7.4258,-0.1974,-5.8811,-5.4139,B
8.1915,1.1190,6.1455,9.9705,-9.7143,A
-3.0634,-7.7942,2.5164,9.8353,-7.4535,A
-4.3908,-4.9661,4.3096,6.6290,-9.0503,A
-8.1925,6.9744,6.2066,3.0397,8.5059,B
-5.9947,6.7571,-3.1177,1.6886,4.3741,A
-9.8458,-5.2163,-4.5246,1.7140,1.5664,A
0.8353,-9.7296,1.2865,5.8478,1.7023,A
4.3354,9.8590,8.9936,4.0327,-5.9055,B
3.6999,1.5303,4.9450,-3.4856,-1.8298,B
9.3645,-3.3385,3.2830,-6.4170,7.2366,B
-8.8019,6.6442,6.9009,3.5852,5.2703,A
7.9327,8.3904,-8.2243,-9.3337,-8.1252,B
-3.6925,-6.5463,-2.4770,7.6685,0.7942,A
1.5844,-7.6905,3.1230,0.9378,0.7172,A
1.5345,-5.2674,0.1095,5.7631,3.3220,A
2.3406,-7.5876,-2.1648,8.7681,-3.7987,A
9.1361,5.4528,5.9688,0.2042,4.9402,B
-4.4217,-0.3410,-4.8431,9.6933,-6.9271,A
8.1627,1.2193,4.8046,-6.8379,9.7618,B
5.7869,0.6729,-4.8638,3.8202,5.7786,B
4.7192,1.6789,0.5539,2.8597,3.9051,B
5.7785,-9.1007,-2.8034,6.2495,0.0132,A
-3.7974,4.6064,1.1194,6.4384,-0.9490,A
7.1161,-2.8405,8.6606,-1.6478,-6.6563,B
6.5604,8.3852,8.7431,-4.3730,3.4421,B
-2.9373,-1.5285,0.8432,8.9156,-4.4864,A
-6.4942,4.0854,-1.4505,6.0524,8.0918,A
-8.5003,1.7784,9.2517,-8.3995,-4.4886,B
-1.3617,-5.2095,9.7636,4.8837,-5.0972,A
-1.0111,-1.9961,-5.9338,-4.3787,6.9864,B
-0.5307,-5.5897,-2.3133,-3.5510,2.0060,B
9.7531,-1.0413,0.4084,8.4342,-7.4703,A
3.1621,1.9370,-1.9035,9.8811,-1.9011,A
-8.2261,7.7112,-9.3582,3.9167,-4.2936,A
-3.9028,-8.4605,1.3314,-1.1435,6.3356,A
2.6829,-4.5100,5.1316,-1.9738,-1.9207,B
2.7639,3.1888,8.0285,-6.2905,1.5121,B
-2.8543,-3.1878,-0.5041,-1.1785,1.4660,A
-6.0953,5.3955,-3.4329,-1.4828,-8.9520,A
0.4345,7.6388,9.4175,-3.0150,-2.1989,B
2.0373,0.1745,-6.6476,3.4229,4.6704,A
-8.4272,-0.5926,4.8232,4.7459,4.2757,A
-4.5479,1.2093,-5.9698,-0.3887,0.4645,A
-7.4527,4.1031,-7.5931,8.2104,-7.8466,A
2.3823,8.3376,8.0792,5.3472,-8.2937,A
-9.0470,9.1747,7.2794,3.3201,-3.7994,A
1.2234,1.3228,8.3514,8.1998,1.3304,A
-8.9620,-0.9252,1.5887,5.3999,-3.1952,A
7.7575,0.4042,-3.4173,-1.8982,-4.7325,B
-8.8632,8.5039,-4.1749,-8.3115,8.5641,B
-4.5076,1.1325,-3.8246,0.9413,-8.8789,A
-9.8498,9.5804,2.7364,8.7963,9.2945,A
-0.1553,2.9400,-9.0549,1.6727,-5.9048,A
-8.4164,9.6648,3.0284,-8.6324,-2.2036,B
9.8152,7.0439,-1.9299,8.1724,-2.7736,B
7.4806,-4.6430,-1.3594,-9.9540,-0.5333,B
9.0394,2.0991,4.2482,2.7470,-3.0753,B
0.1997,-8.8916,9.8338,-5.7360,8.6067,B
-6.1271,-5.5273,4.7421,9.9243,1.3147,A
1.8749,-2.2841,1.6488,-0.8815,1.2445,B
2.7195,-7.7025,-8.8444,8.0748,5.8994,A
1.1769,-8.3405,-7.3544,-5.1821,8.8961,B
4.6306,-9.7585,-5.3311,-5.1893,6.4840,B
-8.3240,0.7149,-9.0793,-8.4950,-4.1824,A
-2.0471,-3.9566,5.7979,1.1716,-8.2660,A
3.8674,4.7516,-4.8702,-7.6262,7.1896,B
6.8475,2.0286,-6.4508,-5.5030,-6.7019,B
8.4966,9.2896,5.8288,-4.9450,3.9010,B
3.4399,4.1549,-6.8887,-7.0352,-9.1247,B
4.8641,-6.2452,-0.6636,4.5569,-0.3685,A
-8.3533,-7.8146,6.1727,0.1274,6.4161,A
6.2288,2.8391,-7.7687,-9.7469,-6.0997,B
-8.7093,9.8266,-6.8973,0.4629,-4.1239,A
-1.8743,9.5224,-6.9252,3.6391,-0.3968,A
-1.0335,1.5344,-3.7726,-7.3707,-0.9308,B
3.3619,4.8643,0.5204,3.9331,5.9388,B
5.1542,-5.1659,-0.2921,-0.2222,8.8600,B
-7.4417,8.6392,-8.5822,9.0641,2.6909,A
-8.7613,-8.7004,8.8400,-6.4632,-6.2443,A
-0.1467,1.0849,-5.2248,4.9104,-1.6992,A
9.6620,-5.3223,-2.0357,-8.1419,4.6401,B
8.1105,-0.1026,-2.8926,2.6838,-0.1102,B
-8.2090,9.7146,-4.2440,6.0142,4.8513,A
-2.4410,3.3267,-8.6011,-9.3943,2.5433,B
-4.3827,5.9165,2.1145,-7.9133,-8.0384,B
6.5852,-5.5769,-5.5315,-8.5138,8.4159,B
5.7777,-6.7018,-8.4100,-5.7223,1.7254,B
-4.1215,-6.6396,-2.3898,6.9382,-4.3949,A
-7.4997,-1.0069,0.8365,7.8286,5.6075,A
-4.6617,8.8239,-0.9562,4.3399,6.9135,B
-1.7508,4.5668,-2.9090,8.3039,-2.2229,A
5.8174,4.6592,-0.1379,1.6527,-0.8176,B
1.5083,-7.1542,9.2337,-5.9676,0.9279,B
-5.6149,0.1263,-1.1055,3.0857,9.6992,A
-7.4898,8.5143,2.9302,8.1434,-2.1641,A
-4.5355,3.8776,-7.4952,5.4769,-4.7870,A
6.9896,-0.0539,4.3961,-0.0901,1.3442,B
9.1656,5.8012,2.5365,-1.2030,7.6392,B
5.5820,6.3934,-0.4235,-7.7110,-4.7579,B
-6.6526,1.9871,-6.8738,-9.7341,0.8822,B
3.3039,-9.9882,0.1144,7.8206,8.9227,A
7.5231,9.0010,-5.0488,-4.6638,2.4766,B
-8.1506,-5.8740,3.0540,-3.4857,8.5218,A
3.9638,-5.4519,-3.2672,1.1353,7.2586,B
1.0164,9.2264,6.2954,-8.5129,9.3526,B
7.0943,-4.2503,-8.4596,1.6470,-5.6942,A
-9.0641,-0.7341,4.2043,-9.1025,-6.0532,A
7.8405,9.4681,-6.7023,-4.9829,-7.2329,B
-4.2611,-2.8165,5.7783,0.9311,5.6310,A
-6.3473,9.4655,1.4126,-9.2247,-6.3442,B
-7.1604,-2.9405,-4.8458,-9.4586,-8.2257,A
1.7348,-7.9398,-5.0418,3.2794,-8.6794,A
8.0747,9.8269,0.8684,6.5907,5.1387,B
-7.5257,2.0385,3.7130,1.0304,-0.1239,A
-8.0860,-6.3747,6.6964,0.5926,-2.7299,A
-4.1261,0.9776,4.6610,-8.7184,5.3787,B
3.9930,-8.1495,1.0572,-7.4703,3.0131,B
4.6442,-7.5463,2.3248,-6.4340,3.4819,B
9.3770,-6.0961,-1.0805,0.0247,-5.9228,A
7.8366,-8.1709,-9.7265,7.4657,0.3847,A
-8.8589,-5.2933,-9.2550,0.9289,2.7277,A
-6.5567,0.5608,-6.9155,-1.5794,-0.5092,A
8.4318,-7.4918,-6.2852,-8.9328,-5.2817,B
5.1197,-2.6479,-3.6398,3.8031,4.0801,B
5.7740,0.3607,7.3172,1.8359,3.4237,B
9.7715,-9.5553,3.1103,0.6960,-6.8974,A
-7.2393,-4.2768,9.9854,-3.9849,-0.2135,A
7.1591,-7.9372,-9.8628,-8.2429,1.6241,B
1.1879,4.2056,-3.4999,8.6170,2.7764,A
2.0230,-3.5993,2.0220,-2.3052,-4.4588,A
7.8677,9.4289,2.7302,-8.9785,-5.1163,B
-7.3202,7.2412,-2.0449,-5.7619,-0.8853,B
1.2537,-4.3091,6.5788,0.9400,-6.2499,A
9.0019,4.1002,8.0954,-1.7260,1.8970,B
-1.1541,-9.6737,-3.2480,-2.6424,-0.8215,A
1.0579,8.2954,4.9899,7.4314,-3.3007,A
0.7335,-0.3666,-0.4396,2.6815,-3.7539,A
-5.9278,-7.0837,-9.3062,1.9004,1.2634,A
2.6835,2.3626,3.9595,2.3788,-6.3005,A
-7.5690,2.7762,1.5939,3.7179,-5.0174,A
-5.0938,6.9304,-8.7663,0.0540,3.4874,A
-0.4520,6.8545,6.6055,-1.8873,7.1020,B
-2.0421,3.4954,3.9812,-0.5040,4.0343,B
7.5510,4.2157,9.7092,-7.9411,5.2711,B
5.5857,0.7177,-4.1384,5.1645,-1.6229,A
-7.3002,-6.4517,-2.4421,-7.6472,9.3761,B
-0.1325,9.3975,4.4754,3.7614,-0.2271,B
9.5551,-8.7360,-1.3355,2.1448,-8.0451,A
6.6179,-7.2327,8.0207,5.7625,-4.8889,A
7.0905,5.2972,-1.1232,-8.1960,-3.4951,B
1.4691,-8.7955,-2.0057,-1.8722,3.4729,A
-9.2302,8.8209,5.0407,-3.0567,-7.0058,A
4.5831,-8.7821,2.5082,-4.5529,-1.7725,B
-4.5571,-8.5469,8.6922,-4.4225,-4.4183,A
-7.8594,8.0611,-3.4123,0.8070,-7.4145,A
-9.6413,-1.7001,-2.0336,9.5965,-3.5804,A
6.5607,4.2675,2.1531,-9.3102,-3.4342,B
-9.6169,3.9472,-0.2469,1.7378,8.2146,A
-6.4572,-8.3507,2.4175,4.1129,9.2127,A
7.0962,-9.0081,5.1209,-4.3297,-7.0865,B
-1.0674,-0.8624,7.0484,6.7580,-2.4140,A
-6.5460,-8.2831,-5.6929,7.5975,2.9985,A
3.9006,-9.3941,-7.9888,-8.7895,6.9495,B
5.5145,-5.4749,-9.4443,6.7845,5.6786,A
-1.2079,6.2020,1.4886,-8.8637,3.8323,B
3.2440,-3.0542,3.7570,-6.5588,-7.4255,B
-4.0954,7.6493,2.4687,5.4155,7.5660,B
9.4769,8.4524,-4.0337,-9.6358,-6.5396,B
-4.5482,2.9319,-7.5634,-5.4401,5.3002,B
-6.0414,-3.6580,0.2815,-6.6403,2.6720,B
6.9585,0.2775,2.1366,4.8482,3.3231,B
-8.3330,7.1365,-6.8297,3.8864,9.0839,A
-0.9906,-6.8402,9.8009,8.1376,-5.7776,A
-6.1449,-8.9784,9.4829,-4.7510,3.7768,A
-9.6897,9.1165,-2.5686,-2.1065,4.9076,B
8.2981,6.2348,-7.8883,-8.1190,5.6800,B
2.5034,5.0354,-7.7791,-5.4186,6.9869,B
9.2787,7.8034,5.2698,-5.7449,-8.1861,B
-4.8437,-2.8015,-1.7331,-2.8574,-6.3032,A
5.2722,-0.2989,5.5464,3.4398,0.6762,B
-1.6756,8.5143,-1.8444,2.0022,4.3816,B
-6.4327,-7.7487,-2.6524,9.4183,-0.8569,A
-9.6362,0.5348,-4.5643,4.4542,4.8376,A
4.5818,5.7371,7.5167,-2.6340,6.4907,B
-1.8394,8.2797,9.6772,-1.7076,7.0243,B
7.3816,6.6386,8.3373,-8.1415,9.1264,B
-3.7511,-6.7042,-3.8647,-0.2314,-8.1088,A
1.5694,-4.2065,4.4391,2.7666,-9.1211,A
7.7525,4.0579,-8.9017,2.1348,1.9696,B
-7.4339,3.8063,-0.6072,-1.4855,-6.3657,A
-7.7632,-0.4816,4.8588,7.1843,-0.5249,A
-1.6657,-5.9552,1.5088,0.8576,8.1623,B
-6.8409,4.7671,8.3289,4.0693,1.1495,A
-4.3952,9.9191,-8.1592,-0.8389,-0.2719,A
-6.4063,2.5496,2.0602,-7.6799,-3.1105,B
-5.0108,-1.6725,0.6216,9.5768,-0.3635,A
9.9347,6.0439,7.3643,6.4841,3.3119,B
9.1737,-2.1268,-1.9387,7.1677,-9.3050,A
-1.8012,6.8669,-2.7498,-9.7700,-0.5385,B
3.9425,1.2589,8.8238,-9.1696,-1.1739,B
2.3007,-8.0614,5.4091,0.1228,-0.7977,A
-6.1380,8.2410,3.5917,-6.1786,2.4217,B
7.5934,2.3989,-5.5618,8.3182,-2.4375,A
-6.8155,2.2590,6.6046,-5.9146,-9.6705,A
7.0728,-6.8964,1.1484,-9.9556,-6.6074,B
-3.0777,9.2312,-1.4834,6.3144,6.4866,A
1.9290,8.9034,8.9642,-9.2045,-0.3595,B
4.1239,2.8762,-2.4478,-6.6326,7.5832,B
-7.1359,2.5746,-7.2366,5.2328,9.9636,A
6.5544,-7.2554,8.0393,-6.8308,9.3914,B
-8.4690,-4.2810,-9.8221,-1.7299,4.0381,A
1.9144,6.7794,9.1224,-0.7563,-4.0632,B
-2.9607,2.3362,-4.4099,-3.5721,1.4889,B
6.8656,-4.6609,5.2159,-6.5627,-5.6936,B
6.2543,-6.6997,8.9949,5.1765,-0.8240,A
4.8857,-2.0150,-2.4579,-8.9136,-5.3794,B
9.3203,3.9701,-7.3010,0.9167,-4.4894,B
-5.1930,-4.0389,-5.8141,0.9338,0.2576,A
6.4282,6.3001,-4.4235,-0.1543,4.0299,B
4.3055,7.2310,-3.9343,8.7346,-2.3610,A
0.6427,-8.7827,4.2052,2.9687,-8.1622,A
8.2127,2.4126,4.3911,9.5920,6.8701,B
5.4167,-9.8414,-1.1671,-0.8693,-9.7758,A
-6.2027,3.1592,-9.1344,4.9388,-1.0465,A
-5.9555,-0.4738,3.2821,8.7067,4.8693,A
-0.1671,1.4112,-5.8756,-0.1361,-4.0576,A
-4.9116,-7.0901,5.7759,8.9041,-2.2616,A
4.4793,8.6490,5.8822,0.6572,4.7061,B
-5.2495,-3.0180,6.6349,7.8443,-8.1368,A
4.8662,6.0111,-7.0804,7.5616,5.6932,B
3.2954,3.7966,9.7039,0.6867,1.6289,B
-9.6513,5.4248,6.4604,-5.8572,5.3517,B
0.9387,-0.5628,-1.8868,-9.4057,-0.0883,B
3.0233,8.4621,-2.8422,0.4259,-3.7544,B
-2.8281,-1.8422,2.8908,4.3039,-6.7348,A
-0.5106,-0.7822,-0.4769,-7.0968,3.6984,B
3.7224,9.1039,9.6508,-5.2342,-6.7027,B
-7.5098,-2.1748,9.8696,-4.5554,3.0104,B
2.2396,-8.2481,-9.6478,2.6555,-4.5904,A
-9.8077,-7.8039,-2.9703,2.2994,-9.5779,A
-0.6198,-8.6891,4.7554,-6.8947,8.6057,B
4.6295,9.0246,-2.8324,4.7711,4.6148,B
0.2333,-4.5581,-3.1383,0.6509,4.3466,A
5.2413,-0.0441,-6.2677,5.1298,-6.8483,A
2.5064,9.6092,4.7701,5.1544,8.3556,B
7.2892,1.6613,4.1992,6.0470,-3.1840,A
5.9982,-2.5029,-1.9449,-3.3193,-2.4691,B
-6.5778,9.4622,5.5609,3.2589,7.4034,B
3.1241,9.2659,9.5259,-6.4177,-2.6908,B
7.5265,-9.1722,7.6194,-2.9465,1.7951,B
1.1651,4.8757,-9.2544,-3.4991,7.3392,B
-5.9868,3.8060,6.2675,-4.1494,9.2651,B
-8.0211,-3.8579,3.3129,1.8812,-6.9379,A
6.5882,5.8239,1.6284,0.5797,2.9017,B
-7.3029,-0.3302,8.3608,-0.4218,4.4965,A
-1.2884,-9.4537,-0.9726,4.3826,-3.1462,A
-1.7427,4.5151,-7.4629,5.7204,4.1646,A
6.2480,-8.1913,-3.9276,4.2432,-4.0985,A
-9.5747,-3.6222,1.7854,1.5191,9.4910,A
0.0994,4.5197,6.8501,-3.5031,0.2978,B
-8.8400,4.3870,4.7801,0.9701,2.1108,A
4.3863,8.6140,-1.4397,9.2554,0.6270,A
-1.2559,-1.4914,2.8927,8.4912,8.1699,A
3.8483,-7.5158,5.6914,4.8034,6.0123,A
0.2324,1.3462,5.5386,2.7762,5.7754,B
-9.4623,-0.5781,3.5035,3.5614,3.5698,A
7.5210,-2.5192,9.0915,6.8133,2.1107,B
1.1741,2.6601,7.4977,-0.6472,-3.8966,B
3.1633,9.6771,-1.0678,-0.1584,6.1870,B
-3.5413,-2.8242,-1.9151,-1.7140,-5.1334,A
-1.6286,7.4994,1.6150,0.5123,-4.9259,A
0.0518,-8.8599,-1.2701,-3.2140,9.1467,B
5.1519,-9.6075,5.2201,5.9248,9.1242,B
0.0032,6.0034,-6.0254,1.5159,-6.6082,A
-2.3998,-4.7046,6.9689,-5.6171,7.9460,B
4.0846,-4.7706,-2.4060,2.8994,-0.2189,A
-2.7220,-9.8344,5.6267,3.1512,-2.7689,A
7.4826,4.2364,-1.0386,-1.7354,-8.1868,B
5.2154,-7.7173,-7.2403,-2.3594,5.8080,B
9.8493,7.9617,3.1813,8.8839,6.5746,B
-0.7727,-4.3271,1.4635,0.5458,-9.1337,A
-7.6856,-7.5729,0.9100,6.5015,-5.9146,A
8.9797,4.3632,-8.2751,-0.6427,0.6381,B
-3.9914,7.0831,-9.6033,-1.9253,5.1810,B
-4.9878,-7.5737,0.4483,-8.7506,6.5272,B
0.6610,6.6196,-2.6781,-4.5159,9.8998,B
7.4826,0.6219,5.3696,7.6818,2.3103,B
-6.5191,-8.1122,4.8631,-5.5428,7.6614,B
-5.0263,1.4174,4.5443,-0.7400,-1.3765,A
5.0516,8.6626,-3.4095,6.6447,-7.9628,A
-4.9954,-9.7441,4.7539,-4.1461,1.9757,A
-7.8932,1.5782,-7.0862,0.6131,9.4414,A
3.9214,-5.0933,3.2004,-1.0187,-4.6426,A
1.5395,-0.1065,-7.0991,-0.8369,4.3513,B
5.0394,6.5399,8.2007,-4.3572,3.6172,B
4.2901,-2.2621,7.3499,7.1950,-0.7806,A
-8.3288,-8.6140,8.2420,-8.3399,1.5846,A
-3.9894,0.2141,-9.9142,-8.9940,7.4203,B
-5.5924,-9.2350,-7.6612,9.9809,9.3431,A
1.9770,-6.2983,-5.1450,-4.8094,-7.6693,A
-6.3240,-1.1845,-3.1436,8.2050,-7.9662,A
2.5709,8.2573,4.2051,-0.0496,6.8286,B
2.8255,-9.0069,2.6500,6.4662,8.3523,A
-0.3234,-8.2554,8.9947,6.5768,-6.3455,A
-2.6908,-3.0688,-6.9746,7.8226,2.0578,A
7.5774,-0.3863,-7.2122,-9.5768,7.8624,B
2.7141,-7.2092,0.9836,-3.4883,0.1548,B
3.5826,1.1882,7.6710,5.0037,-2.7272,A
-6.9394,1.7198,-6.4998,-2.8970,0.9545,A
9.3706,-4.5973,2.6490,-6.4160,9.6609,B
6.2797,9.6043,-5.7814,1.7405,4.0098,B
-6.9428,0.0781,-0.0117,7.9078,8.0038,A
9.9156,-4.9445,-0.7221,-1.1204,-0.5228,B
8.6838,5.7086,-9.2335,-9.4374,9.9872,B
5.9812,-2.9604,-6.9745,7.0397,-1.8384,A
9.7551,-2.4322,-3.5875,0.4889,4.0424,B
-3.0095,-0.7701,-0.9855,-7.1924,-0.8148,B
-3.1762,9.9048,6.2757,-6.0436,-9.0245,B
-7.4949,8.9835,-5.6990,1.2751,9.0601,B
-5.8051,1.9754,-6.6172,-9.2374,-6.1059,A
3.3078,4.3306,4.9571,6.3942,-1.6326,A
-7.2004,6.9664,6.5175,-7.4386,7.5022,B
-3.3312,7.2892,5.6741,-5.7128,1.3031,B
8.2209,4.2903,0.9829,5.5933,-1.2096,B
2.9417,-3.4163,-5.9271,-7.9204,6.0677,B
-8.6464,-9.7024,6.5086,4.2392,1.1203,A
7.8892,4.4684,3.2519,3.4497,-1.2888,B
-6.8763,4.8317,-0.1299,1.2286,1.9840,A
2.1633,3.6625,-1.3599,-6.6821,-8.8647,B
6.7362,-3.0084,9.2130,-1.6870,4.9547,B
-4.2500,0.2496,-8.7873,7.8251,-4.7134,A
4.0246,3.9407,6.2729,-0.7718,8.4574,B
4.2831,-4.7363,-6.2926,-1.4904,-4.0682,A
8.9590,-1.2191,0.7704,4.3603,-9.2751,A
-5.9900,-1.4208,0.9326,6.7190,-4.6914,A
-1.9080,-7.9488,-9.5531,-9.9181,-8.7866,A
-9.9718,-9.6005,9.0913,6.2153,-9.1960,A
-8.0151,3.2761,5.7137,9.0027,-1.0021,A
-6.4716,-4.3831,-2.8644,-3.4440,-2.0288,A
-5.6399,-0.4209,-6.7313,7.6759,-8.2733,A
8.2660,-5.4658,0.2986,-2.8581,-6.7752,B
-7.7260,-0.8665,-7.9265,0.9686,-0.5924,A
2.1071,-0.6160,-4.4339,-1.0629,9.0528,B
-0.6073,6.7408,5.4999,-2.5084,1.5109,B
-6.3067,6.5197,0.6119,6.7342,8.3519,A
-2.5528,7.6853,-7.2637,3.9680,3.9503,A
-9.0405,0.5641,4.4316,6.4962,-5.1228,A
4.1328,0.9498,-8.7219,2.7645,7.1461,B
2.9642,-5.0943,-7.6678,5.1435,-5.5450,A
6.2789,2.1464,8.6507,-3.1986,-9.8892,B
-5.0550,4.9914,0.0975,-4.6482,8.6401,B
-9.4946,5.0321,2.0691,-0.6155,-6.6128,A
3.5149,-0.3723,-3.6820,-6.2221,-8.1448,B
6.1409,-8.3162,-4.8706,-5.1711,-6.4342,A
0.0174,-9.6595,4.3250,7.1348,1.5451,A
-8.2646,6.1830,-0.6571,9.2757,-6.7855,A
-8.0766,4.8187,5.1341,7.5612,-2.4286,A
-9.0000,1.9876,2.0251,1.1242,8.9077,A
2.0751,-4.4312,4.8120,0.1846,-9.9756,A
8.4988,-0.1407,4.4198,1.6454,-3.3419,B
-0.2009,-3.1482,-0.1955,-6.7167,4.9600,B
-7.8875,5.0805,-7.4183,-0.3872,9.3990,B
6.4512,-0.5204,2.3294,-3.1374,8.1811,B
4.8250,-4.1006,-9.8119,-7.3947,-3.8455,B
-0.2656,4.9157,-0.0863,4.1099,0.5306,A
7.6644,5.9675,-4.5430,7.8649,-5.4633,A
-0.7357,-0.2593,-2.1540,-2.0758,1.8577,B
-0.3842,-1.2866,-0.3202,-7.9504,1.8385,B
0.1951,-2.7680,2.4355,-6.8110,2.1220,B
-4.3227,-2.6328,-7.0794,-7.4430,-9.2685,A
4.2624,9.7890,-2.9750,4.1698,1.3879,B
-5.4087,-4.7891,2.4298,-2.3299,-0.8593,A
2.3699,8.3641,-0.9848,3.1338,4.4870,B
9.5654,2.6959,6.0753,5.5282,6.5191,B
1.0388,4.1558,-0.9620,5.7009,-6.4979,A
-5.5132,-9.0790,4.0847,-4.2361,-7.5639,A
-5.3805,-3.9165,0.9791,-4.9588,5.4422,B
-6.9210,1.2110,-0.5589,6.6613,0.3004,A
-1.8754,4.6934,7.9794,-1.7354,-3.1553,B
8.1376,4.7534,-4.9251,-5.5346,3.6362,B
-6.9812,-8.8006,3.8136,4.1791,-0.0396,A
-5.2651,7.2382,0.7560,2.9609,7.8002,B
6.9089,4.1082,-5.5803,-7.1244,1.4270,B
2.9703,0.6892,4.5222,0.5237,0.3904,B
3.1203,0.3637,1.4383,-4.5170,-2.6290,B
-8.0822,-6.8832,-5.2133,0.6720,-2.7278,A
-1.0940,0.7940,9.3219,8.5001,-4.8556,A
2.6563,-4.2976,4.0054,-3.4834,-8.7141,A
7.1945,1.4093,9.0828,-3.1083,-4.2301,B
-6.2737,-2.8080,8.5212,-3.0093,-9.0255,A
-9.5261,-8.0409,-7.4673,9.5163,-4.6001,A
-4.4612,5.5437,2.4790,3.7535,-8.7947,A
4.4904,3.6550,7.7755,7.7630,-1.3673,A
-1.3257,3.6129,8.0673,-7.7697,2.7995,B
7.7029,9.9942,-3.5782,9.3171,5.4954,B
-2.5700,-4.9798,9.2821,7.0605,3.3371,A
-1.6779,-8.4796,-6.5237,-8.5288,-2.0992,A
-9.2778,-1.8604,-5.4721,-0.1057,8.5931,A
-4.6974,-2.6778,-5.9319,0.4137,4.5633,A
-4.2835,-1.3266,8.2883,-8.0762,1.0176,B
-9.4717,7.6243,-7.8234,8.7436,7.5932,A
2.9910,9.0973,-2.9101,4.3538,-7.7876,A
-2.2358,-9.6721,0.4528,-0.6860,-1.2987,A
-6.5141,6.0738,0.5106,-7.1671,-0.7274,B
-0.2604,9.7099,-7.9270,6.4633,5.0700,A
1.4966,5.6885,4.9426,3.0431,-2.0450,A
-6.2531,-2.6312,-6.8898,-6.6542,5.8291,B
8.1504,1.6741,-6.5088,-9.8348,8.1901,B
0.4196,9.2681,9.8700,-9.3035,-9.7881,B
-9.7693,5.7042,-4.6952,-0.0111,8.4100,A
0.3628,-0.4118,2.5259,-0.7836,-5.7792,A
-6.6072,2.1270,0.6055,7.1842,1.5176,A
-8.1180,8.8486,8.9712,7.4035,0.6420,A
9.0884,-3.9293,9.9720,9.3288,8.1060,B
7.4458,4.6557,5.9112,-9.7180,5.7435,B
2.7816,8.7766,4.8435,-6.4416,-0.0373,B
-7.8108,4.0660,-4.7676,-5.1823,-2.0126,A
-4.1885,-3.7493,8.7542,8.2881,-4.9691,A
9.2384,3.1691,4.9852,4.7423,-7.9919,A
-0.1867,-5.6748,6.9705,-2.4879,-1.0374,A
0.3470,3.6764,0.7415,9.4239,-5.3838,A
1.4957,-9.3176,-7.1242,-6.8290,9.8045,B
-5.1620,4.6746,-6.6282,-7.3355,-6.3299,A
4.5257,-4.8081,-5.0323,-4.2224,6.9620,B
-8.4926,9.9830,6.1428,2.4073,-0.5912,A
0.5184,-7.8858,-9.8684,5.6235,-7.3470,A
-2.9284,-8.1845,3.1124,-6.2426,4.3949,B
-2.9387,2.7179,-3.6546,3.7537,-2.6582,A
0.5635,-0.7978,-4.2675,2.1077,9.9791,B
-3.4647,5.8779,-3.5159,-6.5036,9.7731,B
-5.4356,-8.0823,7.1953,0.3331,-3.5621,A
-9.0025,-0.0500,0.0247,-2.6157,-9.4151,A
3.0659,1.7297,-3.4604,6.1027,-4.2223,A
3.6694,-5.4725,2.4359,9.0125,-0.4552,A
-5.9881,-3.3024,-0.1664,7.1129,-0.4354,A
-5.5448,3.0574,-4.6834,-8.9446,-6.2474,A
-9.9509,3.8584,4.7771,-0.1608,-9.2386,A
-9.9557,4.6321,-3.8748,-3.6784,4.5744,A
-9.4405,-1.9157,2.6398,-1.7660,9.8450,B
9.4357,4.4569,-4.7326,9.0375,3.0106,B
2.2364,-7.0718,9.8588,3.0572,4.1127,A
6.0226,9.1746,0.4924,-4.6881,0.4591,B
-0.3317,-6.0352,-9.1468,2.1119,-4.2137,A
8.0524,-1.2798,6.8491,-2.2462,7.0813,B
9.5099,-2.8695,-4.7659,-4.1538,-5.6584,B
-5.8697,6.7975,-8.0089,-1.2370,1.1425,A
-2.5287,-6.2264,4.5336,-5.3760,6.6940,B
7.9859,-3.5088,-9.3009,-5.2024,-5.7280,B
5.7073,1.4439,9.6006,8.0818,6.6837,B
-0.7562,-6.7620,-5.3902,2.3164,-4.2366,A
-2.7698,8.4589,0.8887,-0.3888,7.3793,B
-8.6368,-2.3173,2.3610,-0.6186,1.6757,A
0.3304,-5.4962,-5.2905,4.2910,3.7682,A
-8.7473,-5.8280,9.3222,9.7654,-5.0077,A
3.5510,1.8049,-2.5053,4.1072,-0.4127,A
5.9396,-1.3316,-3.8058,0.0666,-7.7485,A
-0.0541,2.3905,-6.1199,-9.2859,-1.5196,B
-0.1628,9.8685,5.4131,9.7551,1.5388,A
9.9062,-4.8945,-6.5124,-8.0239,-0.6632,B
5.5597,1.4399,-1.2210,-2.1919,-2.1800,B
-7.1911,4.4444,-4.2241,8.2569,-5.3563,A
3.3061,-3.4581,6.7438,-2.6585,3.6553,B
1.3978,4.3616,9.9147,-6.4305,2.0671,B
-8.3859,9.1251,-1.8936,8.5688,-7.2297,A
9.2578,0.1864,-6.0875,-0.3347,-0.3663,B
7.0068,6.5520,7.1665,7.7232,-6.9582,A
6.3597,6.5838,6.2429,-2.5285,1.6706,B
-3.6490,0.7542,0.1272,-8.3092,-9.9648,A
-0.1350,4.8248,5.3050,4.5442,-5.5547,A
8.2437,1.5169,5.1014,-9.9318,5.9961,B
-0.2899,9.2870,-3.1814,-7.9338,6.9623,B
-1.7050,-0.4598,5.9851,8.3046,-4.7821,A
-4.1635,-1.5111,7.3104,5.0320,9.5939,A
-8.5155,-6.7450,-8.1918,-3.8110,1.0854,A
-4.1614,3.1164,1.5501,-0.9551,0.3115,A
5.7913,-3.2261,6.7732,-4.3383,1.9660,B
-1.9586,5.2099,6.9155,9.6425,1.8115,A
-6.9647,-7.6263,-4.5711,8.2953,-8.5024,A
9.0282,8.1613,-0.4876,9.3730,-3.9355,A
-7.2306,-2.9135,-7.6629,2.4431,7.7968,A
-8.7878,-1.1757,1.1570,-6.3750,6.3975,B
3.6013,-6.9272,-6.3315,-6.6941,8.1536,B
-6.9733,5.3530,-3.0013,-3.0112,8.3890,B
5.0796,3.5246,-2.7121,9.7451,-2.9260,A
-9.9610,-8.6805,9.8333,3.0688,-4.7753,A
-1.5172,6.8598,5.0193,-3.8753,7.9479,B
1.6846,6.7961,9.8710,3.4967,-5.1454,A
4.2624,-3.5066,2.3653,-2.6782,6.9801,B
-4.7040,5.8127,1.3645,9.7001,4.2240,A
4.2863,-2.2859,7.4839,8.7163,0.6708,A
6.0972,4.9484,2.3550,-7.5873,-7.0023,B
-4.1340,-0.6592,-2.5631,8.2099,-4.3223,A
-4.0049,-4.1352,-0.4998,-7.2962,1.3359,B
5.9719,1.5759,-7.9944,-7.0695,1.6329,B
7.3582,-0.7368,1.2163,-5.7324,1.2052,B
-6.8247,4.9142,-4.2850,7.8818,-6.3680,A
6.7569,4.5813,-5.8170,-9.6474,3.0137,B
-4.5957,7.2818,6.3293,2.7087,-2.0171,A
-1.0609,1.5240,-2.0615,1.8379,-6.8984,A
3.8955,6.0632,-6.3624,0.0913,8.3531,B
-0.4727,5.6766,-3.9834,9.3500,7.0970,A
-0.4246,-5.9533,-0.5315,-5.2186,4.7546,B
8.9607,-8.2058,4.0122,3.0397,1.4993,B
3.9481,1.7044,3.2688,1.8842,-2.4602,B
5.3171,1.3631,-4.0931,5.5910,4.5553,B
-6.7824,8.5259,-9.9265,-1.6896,9.5386,B
1.1406,4.5442,8.9691,2.2690,5.4624,B
-4.1963,4.5556,3.7481,-8.6385,9.1390,B
-6.2549,8.5988,-4.5763,-2.8760,8.7380,B
8.7254,8.0206,3.1068,-1.4838,-2.4958,B
4.7261,8.7706,-0.3272,-0.5938,3.1633,B
-0.4791,-0.3974,3.4104,-2.7063,-9.1663,A
2.2774,-3.4999,2.9870,5.1474,2.1328,A
1.6842,-9.6289,-1.7477,-0.5832,2.0382,A
-4.5734,5.0041,-4.7940,5.6927,-5.7270,A
-0.3126,-9.9063,-9.2376,-2.7812,-0.2939,A
2.2645,-3.5407,6.2349,3.3037,-1.8431,A
-8.9964,-3.2791,9.7917,-6.7937,-1.0613,A
-7.3292,1.7101,9.1214,8.4613,-3.2304,A
-0.2128,-9.1511,-6.8819,6.8749,-8.9430,A
-0.6236,-0.0526,-3.4224,-2.3636,9.8220,B
8.2056,-1.3951,-5.3012,2.2952,4.7773,B
-1.3200,4.4546,6.0334,5.5522,6.7657,B
0.2642,-6.7584,9.9030,8.0444,5.8717,A
-7.4320,1.0140,-2.4266,-0.3767,1.9704,A
-4.6434,2.1353,-8.2655,7.8039,4.4900,A
9.6427,-5.5175,6.6870,-8.2276,1.4957,B
9.1725,-1.2133,-2.4837,-9.6510,3.1627,B
-5.1143,3.1313,-4.9136,-1.1847,-2.0598,A
-5.5440,8.5021,5.3641,0.9039,-4.8306,A
-9.5780,-0.8020,-7.9716,-9.8033,-9.8040,A
5.7827,3.9549,-1.1133,0.2876,-2.0439,B
1.7637,-4.6529,-7.4782,-4.5625,9.7366,B
-6.2539,-8.9349,-1.9886,7.0608,-3.8469,A
3.4665,1.9134,5.8262,1.4906,-2.8615,B
-7.5987,-1.2684,8.9676,-6.8468,-7.7340,A
6.3681,-5.1504,1.7147,0.6869,-5.9288,A
-6.6393,6.0767,-5.2545,0.6413,-3.2033,A
-8.3725,9.3133,-1.8906,2.8111,-0.4543,A
8.7944,-9.5784,-9.2349,-9.2582,6.8869,B
0.5932,5.3844,-9.3279,4.4099,5.3320,B
-0.6247,-4.3519,-0.8528,5.2965,-6.7330,A
-2.6473,-9.4108,2.0441,-7.1271,-0.0026,A
6.2322,-3.0072,-3.9524,3.5258,-2.0103,A
3.1628,-1.1731,-2.5396,-4.7064,4.0273,B
2.4913,-2.2076,-5.2253,0.0619,6.9053,B
-5.2177,-3.1764,-3.0598,5.5115,8.3159,A
6.3922,5.5848,-1.5169,3.8896,-6.0773,A
5.8308,-0.7434,-0.9911,6.7546,-4.8734,A
1.0500,9.2727,0.4166,6.4101,-9.2725,A
7.2374,-1.0960,-5.5957,6.0257,-3.5325,A
-6.9733,-4.0813,2.3448,-6.3725,1.5652,A
6.6348,-2.0916,9.4980,5.9636,0.7387,A
0.9575,8.3646,-2.9221,4.8974,1.1810,A
-6.0600,-1.0157,-7.0646,-5.2746,5.5940,B
1.1934,-1.1510,-8.1418,-3.9615,-9.6047,A
-5.8157,-7.8762,-8.4653,6.2857,8.1996,A
-3.5341,7.6693,-7.6483,1.4837,9.8410,B
-4.9285,-7.4607,0.6814,5.0047,6.5679,A
-2.1683,6.8325,-4.1854,-1.6796,8.9586,B
3.6747,-4.5712,9.2788,0.8220,-7.0309,A
7.9134,-3.7909,2.8014,-5.8505,2.6558,B
-7.1546,-7.9293,6.3910,7.7337,4.8900,A
-3.3703,8.8979,-6.1912,-8.2275,2.3231,B
0.5042,9.3821,1.0903,-0.5642,2.2059,B
1.8550,8.8503,4.5214,4.3071,-0.1824,B
3.7651,5.2084,7.4874,6.4134,-5.6442,A
5.6170,-0.0878,-7.9489,-0.8325,1.9667,B
-6.3558,7.7490,-3.0948,6.2697,-0.6470,A
2.6073,-9.6796,1.6348,-2.1344,0.1624,A
-3.1462,-5.0790,-3.3972,-9.4946,-5.7536,A
8.8836,2.3020,-8.1729,-7.3309,6.6730,B
6.5944,-6.2273,1.4998,-6.0858,-2.7670,B
6.1822,0.4671,-2.7591,-5.2360,7.8453,B
3.8407,-7.7075,8.9250,-0.6361,-2.3340,A
9.3087,-6.9314,-9.7261,-8.1150,-2.6111,B
-7.7296,8.6449,8.1412,7.5872,-2.1333,A
-3.6451,-7.3483,0.9948,-4.3334,9.8811,B
8.4319,1.2788,0.4910,0.1205,-8.6495,B
-0.1025,-4.2927,-8.9088,-6.7638,-8.6541,A
3.8498,-8.1767,6.5338,7.6634,9.3835,A
-5.7438,-0.6803,8.9702,-3.3555,-1.7692,A
9.2841,5.6711,8.9025,-7.4179,-8.6635,B
8.4144,3.7845,8.3239,1.1490,-5.2540,B
3.6857,-6.8616,2.8981,-2.0354,9.7800,B
-4.5476,6.5334,3.5819,-3.0513,-1.6844,B
4.9817,-6.0814,-3.4612,9.8599,9.4336,A
9.3680,-7.2772,5.4027,1.2842,8.7640,B
2.7370,5.8372,5.5236,3.6342,4.6793,B
-7.3436,-9.7536,7.0358,9.2920,4.8091,A
-8.3528,-5.0507,-2.0180,-1.6027,2.7266,A
4.4923,-3.8889,-8.0639,-4.9181,7.3279,B
1.2575,-1.8673,2.3736,9.8959,-4.9668,A
0.8877,7.2550,-1.9668,-7.8178,-9.2415,B
1.9941,-6.6647,-6.8939,-7.2028,3.0965,B
0.8463,-5.2712,-3.5701,-4.8282,-4.3457,A
0.0242,-0.3547,8.9370,-5.2916,-4.9218,B
2.2014,7.4627,-1.7131,9.3080,-2.3835,A
-8.5473,-8.9354,0.8899,-1.8853,-2.0852,A
3.0733,0.0458,-3.4330,-4.7689,7.7195,B
5.0437,9.7500,-2.3006,5.0041,9.2642,B
4.4209,-7.3412,0.8041,2.3434,8.3993,B
9.9982,6.4964,7.7933,-3.9099,6.6869,B
-8.1596,-5.2531,-2.8073,3.8477,-2.2693,A
-5.8406,7.6515,7.8831,2.8895,7.6524,B
2.4689,0.5658,2.3453,0.1443,1.2703,B
-8.5389,-5.0015,-6.1736,-4.0888,3.4854,A
-2.7101,-5.7289,-0.2296,3.9518,0.2761,A
-2.0990,-7.0469,8.0137,-5.8388,5.5065,B
-0.6576,-8.2590,9.1361,-4.1755,-5.2840,A
-9.3025,6.1143,6.8524,-6.6260,5.1380,B
0.6206,8.2700,-0.7975,-1.6671,5.0704,B
3.0225,-9.9741,3.5179,-3.0011,-0.4469,A
0.4788,-4.0495,-5.1627,6.1535,-4.4248,A
0.5190,-3.0925,-2.6481,-5.5278,-0.5403,B
-7.4197,-9.8712,-3.8880,9.7904,-8.3782,A
0.8691,6.1678,7.6757,-6.6200,7.9794,B
-7.9547,-3.1500,2.8564,1.5786,8.1865,A
7.3909,-2.6313,4.1833,7.8962,-4.2393,A
-6.5019,6.3915,0.6046,-2.6635,9.9777,B
-6.7253,-0.1899,-1.8182,-4.7681,-7.6067,A
0.7596,-5.9931,5.5825,1.8270,0.2451,A
2.3132,-6.3470,1.2271,3.8920,-4.3805,A
1.5198,-0.5018,-1.0665,8.2497,-8.8345,A
-4.7759,-1.6537,-9.7804,-6.7942,8.4591,B
3.1424,1.8584,-5.3686,5.4769,7.0707,B
-7.4312,-2.1063,9.1681,-7.7571,9.2868,B
4.6605,-7.9302,2.2906,5.7637,5.2929,A
5.3879,-5.2943,-1.8490,-6.7158,0.2494,B
7.7713,0.0119,2.4794,-1.6584,5.4623,B
8.5965,4.0403,5.1057,-0.2254,8.5658,B
-8.5041,1.8667,-6.0493,-5.4769,-4.4207,A
9.8944,-0.0368,8.8387,-6.8192,9.4253,B
-0.4952,0.9246,-8.1248,8.5052,0.1459,A
5.9195,-2.1584,-9.8484,-5.3208,-9.2561,A
7.7400,3.5786,-8.0584,0.9166,-5.3356,B
9.8640,-5.4893,-0.4592,0.4545,9.5392,B
-5.9613,-5.4080,-4.6599,9.5400,-4.7523,A
9.8483,1.9923,-8.2976,-9.8756,1.5548,B
-3.1952,6.8267,-5.2856,-6.3952,3.2771,B
5.9738,-3.9088,-0.0659,5.4998,6.3746,B
1.5176,3.9258,-1.3215,-9.6955,-3.3359,B
9.3407,-9.3850,-7.9533,-5.3626,2.3146,B
1.5827,7.9226,7.0052,9.5512,-9.1707,A
9.5153,-0.6132,4.8253,-2.6636,-8.6837,B
0.1307,7.0678,3.1221,-3.6892,-7.4827,B
6.8510,-9.8670,-0.2066,-0.2942,5.1165,B
-1.3291,-7.5056,-0.4939,-3.2744,5.5040,B
0.7390,-2.2276,8.1372,-8.6779,-5.6840,B
-2.9946,-3.6127,-9.5991,5.9868,7.8733,A
9.6247,0.2973,-6.7174,-9.6991,-3.1166,B
4.1205,1.4036,6.0974,-8.4885,-4.8494,B
3.6534,-6.5291,-0.8479,1.5294,-3.5855,A
3.4104,-1.6141,-4.0210,-1.6649,8.1652,B
0.9547,-5.7883,-5.4428,2.4040,-5.5020,A
0.6815,5.8792,8.4490,1.7268,9.3615,B
-2.1727,9.6119,-6.7962,-7.2907,0.7969,B
-3.6308,-4.7106,0.4246,-7.2358,4.9424,B
-4.7914,1.4505,-9.9749,3.4470,-4.7146,A
8.1105,7.2442,-5.6819,-2.0480,7.0068,B
-3.3783,-5.7634,3.4841,2.3219,9.8397,A
-9.8338,-8.6892,0.9212,4.9185,3.6301,A
7.9520,4.2534,8.0108,0.7134,6.6465,B
-1.1500,-0.0430,7.0871,-6.8104,-2.4891,B
-2.0308,6.5627,-3.9459,-7.8395,3.2181,B
-8.3999,3.2128,8.1290,-4.2802,0.5211,B
5.0725,-8.7526,5.8306,8.6215,4.5445,A
5.1269,-2.5826,2.7186,1.8310,-5.3244,A
8.6488,6.4269,2.7237,-4.5630,0.3688,B
-8.5231,6.3172,4.8045,2.3239,2.1117,A
-3.4059,9.7472,9.5727,-9.5373,3.9153,B
3.9968,2.9698,2.2155,1.7416,-6.3469,A
-6.9631,-9.5985,4.4043,2.8475,-0.6846,A
3.1607,-5.3839,-1.6681,9.4045,7.3063,A
9.6153,-6.5354,1.4589,-3.7645,-0.7957,B
-8.2823,-4.6754,-6.2678,-3.4571,-5.2566,A
1.0513,-2.4111,5.9275,5.6339,-8.6754,A
-1.5346,6.5131,-2.8973,-3.8121,8.8226,B
-2.6713,1.8973,7.1699,-9.1528,0.9287,B
8.9838,-9.7288,-0.7859,3.0395,6.5362,B
-4.5289,9.4336,1.5255,8.1785,-6.4648,A
6.0444,-5.9740,-2.0993,0.3228,-9.3746,A
-1.8770,3.7843,6.9984,4.8583,-9.9482,A
3.9594,4.2282,-4.4891,8.1557,-1.3878,A
1.0107,7.6383,-7.6119,1.6183,3.3549,B
-2.8728,-4.6691,-4.5905,-8.8864,-0.2297,B
4.6446,-5.3920,8.8740,2.2347,0.8590,B
-4.4665,-5.2614,-1.7015,5.2216,5.1693,A
0.5682,-4.9127,6.5716,3.7536,-3.4476,A
1.8818,-2.0361,0.5369,-6.3186,3.5000,B
0.3832,6.6226,-8.4799,7.5554,-4.1161,A
-3.7602,5.2611,7.9376,4.9546,1.0724,A
-8.5994,-6.2820,9.5335,8.1677,-7.4147,A
-0.7190,-8.5899,-3.2057,-4.0546,4.8320,B
-5.9564,-0.3095,-1.7400,-2.9267,-5.7625,A
5.6113,1.7094,-6.3372,3.2980,9.3810,B
-7.9615,-7.1889,9.4168,-1.4690,9.7376,A
-2.7736,9.3058,3.0389,-5.7684,1.3998,B
-0.1606,5.1572,-8.6876,-4.6292,-8.4992,A
2.0373,-0.5959,1.5761,-8.4735,7.0755,B
4.3543,0.1730,2.5087,8.5643,4.4635,A
8.4326,-8.8263,-6.7582,-0.1990,2.4928,B
4.8067,-5.6730,7.6055,6.4403,4.2988,A
-4.2031,-7.8629,-3.0940,6.4160,-6.0399,A
2.4596,-7.1115,-6.4149,8.8084,-2.1620,A
1.0762,0.0912,6.7399,-1.6708,1.5645,B
-0.4182,-0.2824,-8.8797,5.6224,3.8817,A
5.0106,-1.0264,4.1807,-4.4466,-1.9955,B
-3.1653,9.2847,-3.6082,-2.1851,5.1658,B
-7.1306,-4.0631,6.7707,2.9632,4.5968,A
3.1742,3.2108,-6.7862,-1.8293,1.8635,B
8.0190,-3.6712,3.1837,2.2235,5.1844,B
-8.4477,-8.9357,-7.5386,8.3508,6.8169,A
8.8950,-5.0243,-6.7588,-2.1105,-5.6563,B
-4.2576,3.8202,4.8166,5.9736,-0.4666,A
-9.5733,4.3900,8.0410,-7.6548,-2.2871,B
6.4008,3.3734,9.8592,1.1340,9.8496,B
3.5319,-6.8211,-2.0451,9.0881,0.9618,A
-8.2985,5.6025,4.8875,-8.9561,-0.8443,B
6.3552,-1.2395,-8.4348,-5.3520,9.0754,B
-8.5958,4.4439,-8.4225,2.6765,-2.5007,A
-0.8041,6.9709,-2.5066,-6.7135,-8.0135,B
1.4928,2.4766,-8.8133,-8.0687,-2.2261,B
7.4487,-0.2305,6.6290,2.5088,7.8900,B
-9.3465,-2.5513,1.0637,6.5755,-7.4491,A
8.2419,7.8183,9.7310,-9.9738,-8.1130,B
1.7989,6.4025,-1.1157,-5.9867,-6.4807,B
9.0057,-3.9056,-7.8399,-4.7524,-1.1222,B
7.6468,4.3608,-0.2435,2.7044,1.8246,B
-9.2797,-8.6060,9.2795,-0.6151,4.0807,A
1.7744,6.3823,3.9946,-1.7054,8.0577,B
-8.2850,-6.0926,-8.2615,6.9113,0.4296,A
9.8028,-5.4365,5.1226,9.1653,3.9123,A
-1.7758,8.7871,-1.9601,-1.8398,5.1333,B
9.4791,8.1426,-1.4761,6.9349,-9.2081,A
-1.0963,-5.4137,9.3323,-8.1085,-8.2614,A
5.0242,-0.4147,9.3336,2.7439,-3.1276,A
-4.1005,-5.9747,-0.0785,-5.1382,-1.9378,A
4.7783,0.0559,2.2113,-6.0034,-9.0610,B
2.9027,4.7681,0.6754,0.5665,4.4238,B
3.7993,-7.1967,-3.6982,3.7405,4.1700,A
-2.3626,9.2739,-5.6106,-1.6730,7.9516,B
-4.8183,-6.6253,9.4277,-5.6764,3.2834,B
-4.8066,-1.7309,-0.1975,-7.5092,-1.3703,B
-0.2215,-4.6586,7.8904,-0.6275,6.6306,B
-6.0898,2.8874,3.9455,-5.5969,-4.2083,A
1.4059,-2.2844,-6.8865,1.2932,-6.8814,A
0.2273,-1.5937,-4.3472,2.8585,9.7839,B
2.6490,1.5013,0.9904,2.4419,1.1845,B
0.7929,-7.9746,3.4185,0.0013,-6.9331,A
7.7730,-1.3408,9.9934,-8.1698,-0.1514,B
-7.3694,4.0110,-5.1056,-4.9805,9.8938,B
4.3953,-4.7156,-6.5839,-4.4381,-9.3193,A
-0.7957,-6.3927,-2.6884,-4.4874,1.3777,B
5.6137,-0.6201,-6.0883,-2.4011,0.8903,B
-2.5042,-3.8509,-5.2003,-0.8958,-0.6804,A
2.0966,9.3010,2.0294,-3.2709,-6.5082,B
1.5866,2.2962,6.8971,-9.9163,3.6256,B
8.3556,9.5732,-9.4286,-8.3403,5.2462,B
-0.3064,-9.8690,4.6285,-9.6303,1.1592,B
6.5368,3.0428,1.6442,-1.5681,8.7152,B
3.5310,9.1011,9.3260,-9.3415,9.9479,B
8.3734,8.3651,9.3793,1.7610,2.4551,B
6.6893,2.9713,-8.0936,-7.6927,6.4675,B
3.4949,8.7904,2.3728,-4.3529,-8.8112,B
-6.8119,-7.9408,3.9342,2.7818,5.1190,A
-8.4359,2.4946,-8.1173,-8.4814,-7.2503,A
-3.4864,0.5217,6.5283,-6.7556,-2.1749,B
-7.0608,2.8564,8.2920,4.6862,-1.3617,A
-2.3136,-8.6971,-8.3963,-6.4321,-0.2107,A
8.1119,-2.1509,-5.0147,8.7781,-6.3785,A
-9.3612,3.3153,-0.6476,-7.9029,9.3614,B
-0.8616,-2.2799,-8.2058,5.4853,4.2216,A
-3.4932,-5.5082,8.1571,-4.8604,5.3294,B
-7.8158,9.0980,-9.7707,-2.2848,-7.3055,A
7.6619,2.5284,-6.5308,0.4708,2.3419,B
9.3340,-8.7258,-6.3426,-4.0083,-7.1355,A
4.9572,-0.1573,3.7722,-8.4730,-8.3207,B
-9.4475,-4.1627,4.5306,7.8609,5.8949,A
-7.6454,-5.6902,3.6509,5.0437,-6.5198,A
-8.2678,-2.5210,6.1827,-5.9443,-3.3393,A
-7.2978,9.4828,-9.0994,-0.2515,7.2520,B
-5.9814,6.2505,3.5681,-4.8619,9.4684,B
4.9672,1.0452,-6.5013,2.2387,0.2967,B
-0.0953,-7.3681,-9.9228,-5.4004,9.3161,B
8.0544,7.0760,-8.7052,6.1924,3.9247,B
-8.1840,8.6919,-0.0870,-7.0569,-0.1986,B
8.0689,-2.4624,5.4025,5.0956,8.3611,B
-0.2020,0.5730,1.3462,-2.6717,-8.6530,A
1.7260,9.6755,-7.6809,3.5065,-7.0237,A
-0.5384,-3.4646,-3.2290,-6.8092,3.5494,B
0.0470,-7.7277,-4.5171,5.8425,0.1031,A
-1.0158,9.5523,-6.0503,8.1186,-6.5610,A
3.0146,-3.3277,3.2831,-2.4464,-3.5787,B
-6.6277,4.8362,-7.5883,0.8383,-0.4215,A
-6.7233,-3.4160,6.2460,-3.2757,6.1974,B
-3.7900,-9.8866,9.8113,1.4777,-6.4309,A
-4.1322,-6.9675,-6.1767,-0.2691,2.0504,A
8.8098,0.9312,9.5240,-1.5798,-0.9155,B
7.8275,-3.1002,-5.3481,8.9776,-8.3513,A
7.9982,-0.3955,0.7683,3.4303,2.8562,B
3.1889,-6.3593,3.1025,4.5226,8.7221,B
-3.9504,8.7496,1.3208,-7.6072,-9.5335,B
0.4235,0.7627,2.7372,0.9494,0.0179,A
0.4698,-4.2072,-8.9749,0.0642,-8.0836,A
0.7504,7.7009,-6.7130,-8.6347,3.6060,B
-8.6136,4.4092,3.5635,-2.8503,-4.1517,A
-2.2312,3.5877,1.7728,-8.1056,-8.5908,B
6.1666,3.8237,8.8321,-3.5044,-0.2624,B
-7.3717,4.7107,-5.8178,1.4495,-9.8332,A
1.8137,6.7368,3.9320,-3.7224,5.6994,B
-7.9798,-3.6465,-0.1843,-0.7530,-0.3313,A
-6.7197,9.9911,-3.8509,-8.3885,9.5865,B
4.4975,3.5750,9.0125,-9.6238,3.2736,B
8.8703,9.2566,-9.7024,8.2514,6.5180,B
-9.0756,3.6620,-3.6070,-0.0478,-1.2192,A
-3.5319,-1.4510,-6.4439,5.4782,5.2343,A
-9.1840,5.9552,-3.4135,8.9738,3.1332,A
-6.2116,-4.2454,-4.1004,6.2929,9.0751,A
-9.0404,-1.6371,-5.4758,-6.9979,-7.8677,A
1.8888,0.5090,-0.0240,-6.3722,-2.3097,B
4.5078,-7.5305,9.7997,4.7215,-4.4152,A
-3.3943,4.3669,8.3827,6.0867,7.3504,A
-2.8891,4.7619,-1.6288,2.8677,-6.4487,A
-4.8122,-3.1855,-5.8764,-9.6698,7.0598,B
9.0588,6.2474,-4.2851,3.9254,-8.7328,A
5.4000,-4.4039,6.3588,5.3576,-6.9778,A
9.6910,4.3060,-7.9710,-2.4864,-1.8084,B
-3.2385,2.3067,1.4274,3.6950,-9.1862,A
4.2572,-5.0144,-8.8438,-5.1242,4.0928,B
9.0327,-2.0647,-4.9534,5.6156,6.0505,B
-0.1194,-5.4200,2.0917,1.4332,-7.9330,A
